{
    "env_id": "Hopper-v3",
    "state_mean": [
        1.2221711874008179,
        0.012813128530979156,
        -0.5089826583862305,
        -0.08142992854118347,
        0.24640750885009766,
        2.1092426776885986,
        -0.17265090346336365,
        0.017089275643229485,
        -0.4426451623439789,
        -0.1322442591190338,
        -0.34993311762809753
    ],
    "state_std": [
        0.20581933856010437,
        0.09275875240564346,
        0.2965667247772217,
        0.16910086572170258,
        0.5832820534706116,
        0.9640522599220276,
        1.2623767852783203,
        0.983705997467041,
        1.7948087453842163,
        1.665777325630188,
        5.890600681304932
    ],
    "action_mean": [
        0.056340619921684265,
        1.959503412246704,
        -0.9749544262886047
    ],
    "action_std": [
        6.599404811859131,
        6.521400451660156,
        7.452965259552002
    ],
    "delta_mean": [
        0.000601704407017678,
        1.2386678463371936e-05,
        -0.000255488877883181,
        -5.0673050282057375e-05,
        0.00012608960969373584,
        0.0010506465332582593,
        -9.695232438389212e-05,
        1.8052027371595614e-05,
        -0.00023796598543412983,
        -3.5537676012609154e-05,
        -0.00014199073484633118
    ],
    "delta_std": [
        0.12421206384897232,
        0.08381738513708115,
        0.1044306680560112,
        0.08780250698328018,
        0.10939847677946091,
        0.264237642288208,
        0.2262709140777588,
        1.2272911071777344,
        1.3591314554214478,
        1.0720523595809937,
        1.4533783197402954
    ],
    "reward_mean": [
        2.9692227840423584
    ],
    "reward_std": [
        0.9603549242019653
    ]
}