{
    "env_id": "Walker2d-v3",
    "state_mean": [
        1.2103967666625977,
        0.334494024515152,
        -0.26190099120140076,
        -0.19199566543102264,
        0.21025711297988892,
        -0.09486810117959976,
        -0.020449211820960045,
        0.33597105741500854,
        3.212545871734619,
        -0.06152784451842308,
        0.057837944477796555,
        -0.017699992284178734,
        -0.39930814504623413,
        -0.686086893081665,
        -0.12765856087207794,
        -0.26478585600852966,
        -1.331675410270691
    ],
    "state_std": [
        0.11616925895214081,
        0.2460186779499054,
        0.39975133538246155,
        0.3235069811344147,
        0.7632767558097839,
        0.2188926339149475,
        0.15406088531017303,
        0.6597467064857483,
        1.494966983795166,
        0.923188328742981,
        3.663280487060547,
        4.797143459320068,
        5.263954162597656,
        5.889710426330566,
        3.9756932258605957,
        3.3011703491210938,
        5.640186309814453
    ],
    "action_mean": [
        0.9754911065101624,
        0.7805271148681641,
        0.30385249853134155,
        0.9889225363731384,
        0.7874005436897278,
        0.03435525670647621
    ],
    "action_std": [
        0.9662304520606995,
        1.0946673154830933,
        1.7618125677108765,
        1.259721279144287,
        0.7492339015007019,
        1.102429747581482
    ],
    "delta_mean": [
        -2.5380850274814293e-05,
        0.0001707390765659511,
        -0.00011284135689493269,
        -8.411018643528223e-05,
        0.00013000410399399698,
        -4.3808242480736226e-05,
        -8.784711098996922e-06,
        0.00017802402726374567,
        0.0014708659145981073,
        -5.599454743787646e-05,
        6.102187398937531e-05,
        -2.7898002372239716e-05,
        -0.0001781728642527014,
        -0.00038167962338775396,
        -0.00010466390085639432,
        -7.726978947175667e-05,
        -0.0006351185729727149
    ],
    "delta_std": [
        0.015470024198293686,
        0.04400736466050148,
        0.04847778007388115,
        0.06287586688995361,
        0.11092741042375565,
        0.04100741073489189,
        0.041353143751621246,
        0.11164337396621704,
        0.31194183230400085,
        0.22252297401428223,
        1.8618829250335693,
        2.3307762145996094,
        2.5662667751312256,
        3.755612373352051,
        2.396697521209717,
        2.161715507507324,
        3.435961961746216
    ],
    "reward_mean": [
        4.205193042755127
    ],
    "reward_std": [
        1.4862881898880005
    ]
}