{
    "env_id": "Ant-v3",
    "state_mean": [
        0.5943611264228821,
        0.7173287868499756,
        0.004263573791831732,
        -0.0005148709751665592,
        0.35746079683303833,
        0.06487936526536942,
        1.1677435636520386,
        0.051263149827718735,
        -0.7424138784408569,
        0.057310860604047775,
        -0.7927539944648743,
        -0.1128411516547203,
        0.8763871192932129,
        1.215296983718872,
        -0.06670865416526794,
        -0.0009075563866645098,
        0.02081977017223835,
        0.002433798974379897,
        0.003592490451410413,
        -0.006391471717506647,
        0.02003508061170578,
        -0.0016517707845196128,
        -0.027212396264076233,
        0.0008896090439520776,
        -0.02428416535258293,
        0.003078201785683632,
        0.023239171132445335,
        0.0,
        0.0,
        0.0,
        0.0,
        0.0,
        0.0,
        0.0,
        0.0,
        0.0,
        0.0,
        0.0,
        0.0,
        0.0,
        0.0,
        0.0,
        0.0,
        0.0,
        0.0,
        0.0,
        0.0,
        0.0,
        0.0,
        0.0,
        0.0,
        0.0,
        0.0,
        0.0,
        0.0,
        0.0,
        0.0,
        0.0,
        0.0,
        0.0,
        0.0,
        0.0,
        0.0,
        0.0,
        0.0,
        0.0,
        0.0,
        0.0,
        0.0,
        0.0,
        0.0,
        0.0,
        0.0,
        0.0,
        0.0,
        0.0,
        0.0,
        0.0,
        0.0,
        0.0,
        0.0,
        0.0,
        0.0,
        0.0,
        0.0,
        0.0,
        0.0,
        0.0,
        0.0,
        0.0,
        0.0,
        0.0,
        0.0,
        0.0,
        0.0,
        0.0,
        0.0,
        0.0,
        0.0,
        0.0,
        0.0,
        0.0,
        0.0,
        0.0,
        0.0,
        0.0,
        0.0,
        0.0,
        0.0,
        0.0,
        0.0
    ],
    "state_std": [
        0.15856215357780457,
        0.34506115317344666,
        0.2555825114250183,
        0.2959965765476227,
        0.29264533519744873,
        0.4088800251483917,
        0.159597709774971,
        0.4089909493923187,
        0.2799933850765228,
        0.40685921907424927,
        0.29428359866142273,
        0.39429575204849243,
        0.2937279939651489,
        0.9667551517486572,
        0.7271236777305603,
        0.7673476338386536,
        1.2028591632843018,
        1.5616164207458496,
        1.2890840768814087,
        4.319360733032227,
        1.303066372871399,
        2.5175232887268066,
        3.662379026412964,
        4.492133140563965,
        3.7574596405029297,
        3.6881096363067627,
        3.3188915252685547,
        9.999999974752427e-07,
        9.999999974752427e-07,
        9.999999974752427e-07,
        9.999999974752427e-07,
        9.999999974752427e-07,
        9.999999974752427e-07,
        9.999999974752427e-07,
        9.999999974752427e-07,
        9.999999974752427e-07,
        9.999999974752427e-07,
        9.999999974752427e-07,
        9.999999974752427e-07,
        9.999999974752427e-07,
        9.999999974752427e-07,
        9.999999974752427e-07,
        9.999999974752427e-07,
        9.999999974752427e-07,
        9.999999974752427e-07,
        9.999999974752427e-07,
        9.999999974752427e-07,
        9.999999974752427e-07,
        9.999999974752427e-07,
        9.999999974752427e-07,
        9.999999974752427e-07,
        9.999999974752427e-07,
        9.999999974752427e-07,
        9.999999974752427e-07,
        9.999999974752427e-07,
        9.999999974752427e-07,
        9.999999974752427e-07,
        9.999999974752427e-07,
        9.999999974752427e-07,
        9.999999974752427e-07,
        9.999999974752427e-07,
        9.999999974752427e-07,
        9.999999974752427e-07,
        9.999999974752427e-07,
        9.999999974752427e-07,
        9.999999974752427e-07,
        9.999999974752427e-07,
        9.999999974752427e-07,
        9.999999974752427e-07,
        9.999999974752427e-07,
        9.999999974752427e-07,
        9.999999974752427e-07,
        9.999999974752427e-07,
        9.999999974752427e-07,
        9.999999974752427e-07,
        9.999999974752427e-07,
        9.999999974752427e-07,
        9.999999974752427e-07,
        9.999999974752427e-07,
        9.999999974752427e-07,
        9.999999974752427e-07,
        9.999999974752427e-07,
        9.999999974752427e-07,
        9.999999974752427e-07,
        9.999999974752427e-07,
        9.999999974752427e-07,
        9.999999974752427e-07,
        9.999999974752427e-07,
        9.999999974752427e-07,
        9.999999974752427e-07,
        9.999999974752427e-07,
        9.999999974752427e-07,
        9.999999974752427e-07,
        9.999999974752427e-07,
        9.999999974752427e-07,
        9.999999974752427e-07,
        9.999999974752427e-07,
        9.999999974752427e-07,
        9.999999974752427e-07,
        9.999999974752427e-07,
        9.999999974752427e-07,
        9.999999974752427e-07,
        9.999999974752427e-07,
        9.999999974752427e-07,
        9.999999974752427e-07,
        9.999999974752427e-07,
        9.999999974752427e-07,
        9.999999974752427e-07,
        9.999999974752427e-07,
        9.999999974752427e-07,
        9.999999974752427e-07
    ],
    "action_mean": [
        -0.06408233195543289,
        0.020306313410401344,
        0.05330381914973259,
        0.19222767651081085,
        0.010767592117190361,
        0.11633116006851196,
        0.03905113786458969,
        0.07519741356372833
    ],
    "action_std": [
        0.34912538528442383,
        0.33315426111221313,
        0.3442823588848114,
        0.2421267330646515,
        0.29578104615211487,
        0.3973380923271179,
        0.3325895667076111,
        0.40595537424087524
    ],
    "delta_mean": [
        -7.535196345997974e-05,
        -0.00012087509094271809,
        4.5727297219855245e-06,
        -5.6832486734492704e-06,
        0.00017716035654302686,
        5.378197965910658e-05,
        0.0005714867147617042,
        2.9847722544218414e-05,
        -0.0003495952405501157,
        4.95500262331916e-06,
        -0.0003831037029158324,
        -7.593155169161037e-05,
        0.00041187155875377357,
        0.0006347483722493052,
        -5.382006929721683e-05,
        1.5972624169080518e-05,
        3.510792521410622e-05,
        8.837418135954067e-05,
        1.5733070540591143e-05,
        0.00015717133646830916,
        -7.332148015848361e-06,
        -6.238314654183341e-06,
        -0.0001472675212426111,
        -0.00017417679191567004,
        -0.0002033331838902086,
        7.596374052809551e-05,
        3.305328209535219e-05,
        0.0,
        0.0,
        0.0,
        0.0,
        0.0,
        0.0,
        0.0,
        0.0,
        0.0,
        0.0,
        0.0,
        0.0,
        0.0,
        0.0,
        0.0,
        0.0,
        0.0,
        0.0,
        0.0,
        0.0,
        0.0,
        0.0,
        0.0,
        0.0,
        0.0,
        0.0,
        0.0,
        0.0,
        0.0,
        0.0,
        0.0,
        0.0,
        0.0,
        0.0,
        0.0,
        0.0,
        0.0,
        0.0,
        0.0,
        0.0,
        0.0,
        0.0,
        0.0,
        0.0,
        0.0,
        0.0,
        0.0,
        0.0,
        0.0,
        0.0,
        0.0,
        0.0,
        0.0,
        0.0,
        0.0,
        0.0,
        0.0,
        0.0,
        0.0,
        0.0,
        0.0,
        0.0,
        0.0,
        0.0,
        0.0,
        0.0,
        0.0,
        0.0,
        0.0,
        0.0,
        0.0,
        0.0,
        0.0,
        0.0,
        0.0,
        0.0,
        0.0,
        0.0,
        0.0,
        0.0,
        0.0,
        0.0,
        0.0,
        0.0
    ],