{
    "env_id": "HalfCheetah-v3",
    "state_mean": [
        -0.03085506521165371,
        0.2698613703250885,
        -0.012369663454592228,
        -0.11969698965549469,
        -0.02234504744410515,
        0.00018081246525980532,
        -0.009455802850425243,
        0.01441531628370285,
        3.3415744304656982,
        -0.033008962869644165,
        -0.019348034635186195,
        0.054667022079229355,
        -0.07998213171958923,
        0.04925887659192085,
        -0.002111277310177684,
        0.1373278945684433,
        0.02481844462454319
    ],
    "state_std": [
        0.1487399935722351,
        0.6987131237983704,
        0.39516833424568176,
        0.34335416555404663,
        0.30520936846733093,
        0.4869384169578552,
        0.3950839638710022,
        0.31742072105407715,
        1.5420423746109009,
        1.0785497426986694,
        1.9094631671905518,
        8.22595500946045,
        7.402790069580078,
        7.131804943084717,
        8.358782768249512,
        9.327683448791504,
        6.506256103515625
    ],
    "action_mean": [
        -0.04888802394270897,
        -0.2431853711605072,
        -0.07723481208086014,
        -0.07067389786243439,
        0.008220355026423931,
        0.08862200379371643
    ],
    "action_std": [
        1.0413340330123901,
        0.8296788334846497,
        0.762525737285614,
        0.996161162853241,
        0.9147235155105591,
        0.7310548424720764
    ],
    "delta_mean": [
        -4.3282529986754525e-06,
        6.50496658636257e-05,
        -7.004473445704207e-06,
        -5.2761515689780936e-05,
        -1.5990355677786283e-05,
        2.72594803618631e-07,
        3.490815174700401e-07,
        1.2108215742046013e-05,
        0.0014910763129591942,
        -2.321919600944966e-05,
        -5.141968813404674e-06,
        5.870117456652224e-05,
        -3.1027037039166316e-05,
        -2.242501977889333e-05,
        -5.615465488517657e-05,
        -7.184007699834183e-06,
        -7.89295372669585e-05
    ],
    "delta_std": [
        0.04996195435523987,
        0.09444021433591843,
        0.3964954614639282,
        0.33871960639953613,
        0.3145560026168823,
        0.3957248330116272,
        0.4190811216831207,
        0.28433430194854736,
        1.0081990957260132,
        1.087512493133545,
        1.8977863788604736,
        10.052053451538086,
        11.242269515991211,
        10.425743103027344,
        10.62462329864502,
        13.189614295959473,
        8.581175804138184
    ],
    "reward_mean": [
        2.865204334259033
    ],
    "reward_std": [
        1.494288444519043
    ]
}