{"state_mean": [0.010882659815251827, 28.53392219543457, 0.3361029326915741, -0.020800428465008736, 0.00919114239513874, -0.01938146911561489, -1.531431553303264e-05, -0.0002440841490169987, -0.0006907943752594292, -0.013920457102358341, -0.00312198419123888, -0.9948800206184387, -0.2167358100414276, -0.07584171742200851, 0.07637592405080795, 0.19313675165176392, -0.06814409792423248, 0.08457516133785248, -0.15173274278640747, -0.1663995385169983, 0.05091094225645065, 0.18373355269432068, -0.1536940187215805, 0.044079333543777466, -0.001167813315987587, 0.0058047655038535595, 0.001287256833165884, 0.0007796884165145457, 0.004878978710621595, 0.0037459349259734154, -0.0003539077297318727, 0.0017234045080840588, 0.007707968819886446, 0.0007912593428045511, 0.0016213220078498125, 0.008170356042683125], "state_std": [4.566129684448242, 17.85869789123535, 0.03943958133459091, 1.1341605186462402, 1.1152795553207397, 0.21691633760929108, 0.206170454621315, 0.10601141303777695, 0.08416543155908585, 0.07182790338993073, 0.07992269843816757, 0.03179788216948509, 0.23705044388771057, 0.2584804594516754, 0.23742958903312683, 0.24144428968429565, 0.2553110122680664, 0.22211617231369019, 0.2181551456451416, 0.2824282646179199, 0.24564728140830994, 0.23047040402889252, 0.28228554129600525, 0.24036885797977448, 0.13870565593242645, 0.13832993805408478, 0.13295944035053253, 0.1384062021970749, 0.13698768615722656, 0.1405750960111618, 0.13376456499099731, 0.13432689011096954, 0.1337067186832428, 0.13905778527259827, 0.1357574611902237, 0.1338583528995514], "action_mean": [-0.899017870426178, -0.4369860589504242, 1.2205617427825928, 0.8563992381095886, -0.42263689637184143, 1.2486817836761475, -0.7126984596252441, -0.6490207314491272, 0.9925126433372498, 0.7759876251220703, -0.6181498169898987, 0.996383011341095], "action_std": [0.9028686881065369, 0.9799754023551941, 1.1705055236816406, 0.9477574825286865, 0.95984947681427, 1.1748861074447632, 0.9316461086273193, 1.0930454730987549, 1.2421624660491943, 0.9231999516487122, 1.0746631622314453, 1.225708246231079], "delta_mean": [-1.9313056327519007e-06, -6.683994342893129e-06, -3.139053603717912e-07, 1.6506906774793606e-07, -3.8213042330426106e-07, 1.8409521089779446e-06, 1.960006557055749e-07, 1.315013236080631e-07, 2.606150815154251e-07, -5.089459165219523e-08, 4.9883734476452446e-08, -2.0609789430636738e-08, -1.60027275342145e-06, -6.195153900989681e-07, 1.2010116279270733e-06, 1.6714418507035589e-06, -6.527675395773258e-07, 1.0005473995988723e-06, -1.0803373697854113e-06, -1.6301243022098788e-06, 1.0400191285953042e-06, 1.3319828440216952e-06, -1.0742455742729362e-06, 1.1017535825885716e-06, -2.907323164436093e-07, 3.2269153393826855e-07, -1.0615358405630104e-06, 3.4841249885175785e-08, 1.1391707488428438e-07, -3.6777913692276343e-07, 1.856419906687279e-08, -1.2482129818636167e-07, -4.4557745582096686e-07, -1.75013994407891e-08, -2.101090501582803e-07, -8.915499734030163e-07], "delta_std": [0.22448261082172394, 0.2215823382139206, 0.0034917141310870647, 0.19530384242534637, 0.191969633102417, 0.20584124326705933, 0.27926352620124817, 0.11026578396558762, 0.06220249831676483, 0.04151596501469612, 0.04334138706326485, 0.040856458246707916, 0.05388523265719414, 0.05390476807951927, 0.059169501066207886, 0.05377260595560074, 0.053420890122652054, 0.06303869932889938, 0.051947060972452164, 0.0533476248383522, 0.06051270663738251, 0.05445115640759468, 0.05328862741589546, 0.06024466082453728, 0.1185569167137146, 0.12128765136003494, 0.14119701087474823, 0.11859913915395737, 0.12098462879657745, 0.1437886655330658, 0.11632994562387466, 0.12115563452243805, 0.1370086520910263, 0.1194351390004158, 0.12175557017326355, 0.13909204304218292], "reward_mean": [0.024068083614110947], "reward_std": [0.0058965361677110195]}